Workbook

Sheet HoaDonSalon
A1: ma_hds | B1: ngay_lam | C1: ma_dvt | D1: so_luot | E1: ten_dich_vu_toc | F1: gia_dich_vu | G1: tien_thanh_toan
A2: HDS001 | B2: 2026-11-01 | C2: HT01 | D2: 5 | E2: =VLOOKUP(C2,DichVuToc!$A$1:$C$8,2,0) -> Hap dau phuc hoi | F2: =VLOOKUP(C2,DichVuToc!$A$1:$C$8,3,0) -> 200000 | G2: =D2*F2 -> 1000000
A3: HDS002 | B3: 2026-11-02 | C3: HT01 | D3: 2 | E3: =VLOOKUP(C3,DichVuToc!$A$1:$C$8,2,0) -> Hap dau phuc hoi | F3: =VLOOKUP(C3,DichVuToc!$A$1:$C$8,3,0) -> 200000 | G3: =D3*F3 -> 400000
A4: HDS003 | B4: 2026-11-03 | C4: CT02 | D4: 2 | E4: =VLOOKUP(C4,DichVuToc!$A$1:$C$8,2,0) -> Cat toc nu | F4: =VLOOKUP(C4,DichVuToc!$A$1:$C$8,3,0) -> 150000 | G4: =D4*F4 -> 300000
A5: HDS004 | B5: 2026-11-04 | C5: CT01 | D5: 3 | E5: =VLOOKUP(C5,DichVuToc!$A$1:$C$8,2,0) -> Cat toc nam | F5: =VLOOKUP(C5,DichVuToc!$A$1:$C$8,3,0) -> 80000 | G5: =D5*F5 -> 240000
A6: HDS005 | B6: 2026-11-05 | C6: UT01 | D6: 4 | E6: =VLOOKUP(C6,DichVuToc!$A$1:$C$8,2,0) -> Uon toc | F6: =VLOOKUP(C6,DichVuToc!$A$1:$C$8,3,0) -> 600000 | G6: =D6*F6 -> 2400000
A7: HDS006 | B7: 2026-11-06 | C7: NT01 | D7: 1 | E7: =VLOOKUP(C7,DichVuToc!$A$1:$C$8,2,0) -> Nhuom toc | F7: =VLOOKUP(C7,DichVuToc!$A$1:$C$8,3,0) -> 450000 | G7: =D7*F7 -> 450000
A8: HDS007 | B8: 2026-11-07 | C8: GD01 | D8: 2 | E8: =VLOOKUP(C8,DichVuToc!$A$1:$C$8,2,0) -> Goi dau duong sinh | F8: =VLOOKUP(C8,DichVuToc!$A$1:$C$8,3,0) -> 70000 | G8: =D8*F8 -> 140000
A9: HDS008 | B9: 2026-11-08 | C9: HT01 | D9: 4 | E9: =VLOOKUP(C9,DichVuToc!$A$1:$C$8,2,0) -> Hap dau phuc hoi | F9: =VLOOKUP(C9,DichVuToc!$A$1:$C$8,3,0) -> 200000 | G9: =D9*F9 -> 800000
A10: HDS009 | B10: 2026-11-09 | C10: GD01 | D10: 1 | E10: =VLOOKUP(C10,DichVuToc!$A$1:$C$8,2,0) -> Goi dau duong sinh | F10: =VLOOKUP(C10,DichVuToc!$A$1:$C$8,3,0) -> 70000 | G10: =D10*F10 -> 70000
A11: HDS010 | B11: 2026-11-10 | C11: UT01 | D11: 4 | E11: =VLOOKUP(C11,DichVuToc!$A$1:$C$8,2,0) -> Uon toc | F11: =VLOOKUP(C11,DichVuToc!$A$1:$C$8,3,0) -> 600000 | G11: =D11*F11 -> 2400000
A12: HDS011 | B12: 2026-11-11 | C12: DT01 | D12: 1 | E12: =VLOOKUP(C12,DichVuToc!$A$1:$C$8,2,0) -> Duoi toc | F12: =VLOOKUP(C12,DichVuToc!$A$1:$C$8,3,0) -> 500000 | G12: =D12*F12 -> 500000
A13: HDS012 | B13: 2026-11-12 | C13: CT02 | D13: 4 | E13: =VLOOKUP(C13,DichVuToc!$A$1:$C$8,2,0) -> Cat toc nu | F13: =VLOOKUP(C13,DichVuToc!$A$1:$C$8,3,0) -> 150000 | G13: =D13*F13 -> 600000
... A16: HDS015 | B16: 2026-11-15 | C16: UT01 | D16: 2 | E16: =VLOOKUP(C16,DichVuToc!$A$1:$C$8,2,0) -> Uon toc | F16: =VLOOKUP(C16,DichVuToc!$A$1:$C$8,3,0) -> 600000 | G16: =D16*F16 -> 1200000

Sheet DichVuToc
A1: ma_dvt | B1: ten_dich_vu_toc | C1: gia_dich_vu
A2: CT01 | B2: Cat toc nam | C2: 80000
A3: CT02 | B3: Cat toc nu | C3: 150000
A4: GD01 | B4: Goi dau duong sinh | C4: 70000
A5: NT01 | B5: Nhuom toc | C5: 450000
A6: UT01 | B6: Uon toc | C6: 600000
A7: DT01 | B7: Duoi toc | C7: 500000
A8: HT01 | B8: Hap dau phuc hoi | C8: 200000
